Time,Sensor 1,Sensor 10,Sensor 6,Sensor 7,Sensor 4,Sensor 2,Sensor 5,Sensor 9,Sensor 3,Sensor 8,Sensor 11
2024-03-23 12:09:37,14.56275,24.896,9.609563,15.588687,10.8361875,12.398625,11.185063,11.599938,9.328311999999999,14.755375,24.78988
2024-03-23 12:10:46,14.50075,11.396,9.609563,16.088687,10.6491875,12.211625,10.872062999999999,11.724938,9.016312,14.630375,12.91488
2024-03-23 12:11:55,14.43775,11.208,9.359563,16.276687,10.5241875,12.086625,10.747062999999999,11.661938,8.828311999999999,14.380375,12.91488
2024-03-23 12:13:04,14.00075,11.021,9.047563,15.963687,10.0861875,11.273625,10.435063,11.286938,8.391312,14.005375,12.91488
2024-03-23 12:14:13,14.00075,10.958,8.922563,16.401687,9.9611875,11.148625,10.435063,11.786938,8.203312,14.130375,12.16488
2024-03-23 12:15:22,14.18775,10.771,8.984563,16.088687,10.0241875,11.773625,10.435063,11.599938,8.391312,14.255375,12.03988
2024-03-23 12:16:31,13.93775,10.708,8.859563,16.338687,9.7741875,11.773625,10.185063,11.661938,8.141312,14.130375,11.91488
2024-03-23 12:17:40,14.31275,10.896,8.984563,16.338687,10.0241875,11.711625,10.310063,11.661938,8.391312,14.380375,11.91488
2024-03-23 12:18:49,14.56275,10.896,9.234563,16.338687,10.2741875,11.711625,10.310063,11.474938,8.578311999999999,14.630375,11.91488
2024-03-23 12:19:58,12.75075,9.896,8.047563,15.213687,9.0861875,10.586625,9.247062999999999,10.224938,7.578312,12.755375,10.91488
2024-03-23 12:21:07,12.56275,9.458,7.8595630000000005,14.213687,9.0861875,10.586625,9.122062999999999,9.411938,7.578312,12.505375,10.91488
2024-03-23 12:22:16,12.62575,9.458,7.8595630000000005,14.088687,8.9611875,10.711625,9.247062999999999,9.786938,7.578312,12.692375,10.91488
2024-03-23 12:23:25,12.56275,9.333,7.922563,14.151687,8.9611875,10.898625,9.185063,9.724938,7.578312,12.692375,10.85188
2024-03-23 12:24:34,12.06275,9.146,7.6095630000000005,13.838687,8.5861875,10.898625,8.747062999999999,9.349938,7.016312,12.130375,10.47688
2024-03-23 12:25:43,12.25075,9.333,7.547563,13.838687,8.5241875,9.961625,8.810063,10.036938,7.078312,12.380375,10.72688
2024-03-23 12:26:52,12.62575,9.646,7.797563,14.963687,8.6491875,10.336625,8.997062999999999,10.474938,7.203312,12.817375,11.03988
2024-03-23 12:28:01,12.81275,9.771,7.922563,14.963687,8.8991875,10.523625,9.122062999999999,10.286938,7.328312,13.067375,11.10188
2024-03-23 12:29:10,13.18775,9.896,8.109563,15.151687,8.8991875,10.336625,9.122062999999999,10.411938,7.203312,13.317375,11.22688
2024-03-23 12:30:19,13.62575,9.896,8.422563,15.776687,9.2741875,10.961625,9.497062999999999,10.661938,7.578312,13.692375,11.22688
2024-03-23 12:31:28,13.43775,10.083,8.359563,16.088687,9.2111875,10.648625,9.560063,11.036938,7.453312,13.505375,11.35188
2024-03-23 12:32:37,13.75075,10.146,8.547563,16.151687,9.2111875,11.273625,9.685063,11.036938,7.828312,13.755375,11.47688
2024-03-23 12:33:46,14.00075,10.146,8.734563,16.276687,9.7741875,11.461625,9.935063,11.036938,7.953312,13.817375,11.60188
2024-03-23 12:34:55,14.00075,10.583,9.109563,16.526687,9.7741875,12.211625,10.247062999999999,11.349938,8.453312,14.317375,11.85188
2024-03-23 12:36:04,14.56275,10.646,9.172563,16.776687,10.1491875,12.211625,10.310063,11.474938,8.391312,14.317375,11.85188
2024-03-23 12:37:13,14.56275,10.958,9.297563,17.338687,10.0861875,11.711625,10.372062999999999,11.974938,8.391312,14.755375,12.28988
2024-03-23 12:38:22,15.37575,11.271,9.672563,17.588687,10.6491875,12.523625,10.747062999999999,11.974938,8.766312,15.317375,12.72688
2024-03-23 12:39:31,14.93775,11.271,9.547563,17.526687,10.6491875,12.398625,10.685063,11.911938,8.828311999999999,15.317375,12.60188
2024-03-23 12:40:41,14.75075,11.146,9.359563,17.276687,10.4611875,12.086625,10.685063,11.474938,8.703311999999999,14.755375,12.47688
2024-03-23 12:41:50,14.87575,11.146,9.484563,17.026687,10.4611875,12.148625,10.622062999999999,11.161938,8.703311999999999,14.880375,12.60188
2024-03-23 12:42:59,14.50075,10.958,9.172563,17.026687,10.4611875,12.148625,10.372062999999999,10.786938,8.328312,14.692375,12.60188
2024-03-23 12:44:08,14.43775,10.896,9.234563,16.463687,10.0861875,11.586625,10.372062999999999,10.474938,8.266312,14.567375,12.35188
2024-03-23 12:45:17,14.56275,10.896,9.297563,16.151687,10.0861875,11.586625,10.435063,10.474938,8.266312,14.755375,12.47688
2024-03-23 12:46:26,14.81275,11.083,9.547563,16.463687,10.2741875,11.523625,10.622062999999999,10.474938,8.328312,14.880375,12.60188
2024-03-23 12:47:35,15.25075,11.396,9.859563,16.901687,10.5861875,12.211625,10.935063,11.099938,8.703311999999999,15.380375,13.03988
2024-03-23 12:48:44,15.50075,11.771,9.922563,17.276687,10.9611875,13.086625,11.185063,11.224938,9.078311999999999,15.880375,13.35188
2024-03-23 12:49:53,16.062749999999998,11.771,10.172563,17.526687,11.2111875,13.586625,11.185063,11.286938,9.391312,16.067375,13.35188
2024-03-23 12:51:02,16.00075,11.771,10.172563,17.463687,11.2111875,13.836625,11.497062999999999,11.474938,9.641312,16.130375,13.41488
2024-03-23 12:52:11,16.062749999999998,11.771,10.234563,17.651687,11.7111875,14.086625,11.685063,11.536938,9.641312,16.255375,13.66488
2024-03-23 12:53:20,16.25075,12.021,10.484563,17.463687,11.8361875,14.523625,11.810063,11.474938,10.141312,16.317375,13.66488
2024-03-23 12:54:29,16.62575,11.896,10.734563,17.026687,12.0861875,15.086625,11.997062999999999,11.161938,10.141312,16.505375,13.66488
2024-03-23 12:55:38,16.93775,11.521,11.047563,16.963687,12.3991875,15.586625,11.997062999999999,10.849938,10.141312,16.505375,13.47688
2024-03-23 12:56:47,17.12575,11.646,11.109563,16.963687,12.6491875,15.586625,12.560063,10.849938,10.891312,16.880375,13.66488
2024-03-23 12:57:56,17.18775,11.333,11.172563,16.651687,12.7111875,16.273625000000003,12.497062999999999,10.536938,11.078311999999999,16.880375,13.41488
2024-03-23 12:59:05,17.37575,11.646,11.172563,16.651687,12.8361875,16.336625,12.560063,10.536938,11.078311999999999,17.067375000000002,13.78988
2024-03-23 13:00:14,17.31275,11.583,11.172563,16.838687,12.7111875,16.586625,12.560063,10.411938,11.203311999999999,17.067375000000002,13.66488
2024-03-23 13:01:23,16.68775,11.583,10.734563,17.088687,12.3991875,15.586625,12.122062999999999,10.786938,10.766312,16.505375,13.47688
2024-03-23 13:02:32,16.68775,11.583,10.734563,17.088687,12.3361875,15.586625,12.122062999999999,10.786938,10.578311999999999,16.380375,13.47688
2024-03-23 13:03:41,16.37575,11.896,10.297563,18.088687,11.8361875,13.961625,12.122062999999999,10.786938,9.953311999999999,16.317375,13.66488
2024-03-23 13:04:50,16.187749999999998,11.896,10.234563,18.526687,11.5241875,13.711625,11.622062999999999,10.786938,9.641312,16.192375,13.60188
2024-03-23 13:05:59,16.43775,12.271,10.234563,18.963687,11.7111875,13.961625,11.622062999999999,12.411938,9.891312,16.567375000000002,13.91488
2024-03-23 13:07:08,16.50075,12.271,10.547563,18.588687,11.8361875,14.148625,11.872062999999999,12.224938,9.891312,16.442375,13.78988
2024-03-23 13:08:17,16.312749999999998,11.896,10.359563,17.901687,11.5241875,14.086625,11.685063,11.474938,9.953311999999999,16.130375,13.41488
2024-03-23 13:09:26,16.37575,11.958,10.484563,18.026687,11.6491875,14.086625,11.810063,11.786938,9.953311999999999,16.255375,13.60188
2024-03-23 13:10:35,16.50075,12.083,10.672563,18.338687,11.7111875,14.086625,11.935063,11.974938,9.953311999999999,16.380375,13.66488
2024-03-23 13:11:44,16.56275,12.333,10.734563,18.713687,11.7111875,13.523625,11.997062999999999,12.411938,9.891312,16.505375,13.66488
2024-03-23 13:12:53,16.62575,12.396,10.859563,18.526687,11.8361875,13.523625,12.122062999999999,12.474938,9.891312,16.505375,13.66488
2024-03-23 13:14:02,16.62575,12.521,10.859563,18.901687,11.8361875,13.523625,12.122062999999999,12.724938,9.828311999999999,16.505375,13.91488
2024-03-23 13:15:11,16.56275,12.521,10.734563,18.901687,11.8361875,13.711625,12.185063,12.474938,10.078311999999999,16.505375,13.97688
2024-03-23 13:16:20,16.43775,12.396,10.734563,19.088687,11.8361875,13.648625,12.247062999999999,12.161938,10.078311999999999,16.317375,13.85188
2024-03-23 13:17:29,16.87575,12.583,10.984563,19.151687,12.3361875,14.211625,12.435063,12.286938,10.328311999999999,16.567375000000002,13.97688
2024-03-23 13:18:38,16.25075,12.458,10.484563,19.338687,11.7741875,14.211625,11.935063,12.349938,9.703311999999999,16.567375000000002,13.85188
2024-03-23 13:19:47,16.37575,12.271,10.609563,19.338687,11.8361875,13.461625,11.997062999999999,11.786938,9.891312,16.317375,13.78988
2024-03-23 13:20:56,16.43775,11.771,10.734563,17.526687,11.8991875,13.961625,11.997062999999999,11.099938,10.078311999999999,16.130375,13.22688
2024-03-23 13:22:06,15.68775,10.333,10.359563,15.213687,11.5861875,13.961625,11.435063,11.099938,9.953311999999999,15.255375,12.16488
2024-03-23 13:23:15,15.62575,10.333,10.359563,14.838687,11.7111875,14.273625,11.435063,9.724938,9.953311999999999,15.130375,12.22688
2024-03-23 13:24:24,15.93775,10.333,10.672563,15.276687,11.8361875,14.586625,11.935063,10.099938,10.328311999999999,15.442375,12.41488
2024-03-23 13:25:33,16.062749999999998,10.771,10.734563,15.463687,12.0861875,14.836625,12.060063,10.099938,10.516312,15.505375,12.47688
2024-03-23 13:26:41,15.62575,10.333,10.422563,14.838687,11.8361875,14.836625,11.685063,9.536938,10.516312,15.505375,12.47688
2024-03-23 13:27:50,15.62575,10.021,10.297563,14.526687,11.6491875,14.836625,11.560063,9.474938,10.516312,14.942375,11.85188
2024-03-23 13:28:59,15.87575,10.583,10.484563,15.276687,11.7741875,14.273625,11.810063,9.474938,10.203311999999999,14.942375,12.28988
2024-03-23 13:30:08,16.00075,10.583,10.484563,16.213687,11.9611875,14.648625,11.935063,11.036938,10.391312,15.442375,12.53988
2024-03-23 13:31:17,15.12575,10.896,9.859563,16.213687,11.4611875,14.211625,11.435063,10.911938,10.078311999999999,14.942375,12.22688
2024-03-23 13:32:26,14.68775,10.646,9.609563,15.651687,10.9611875,14.211625,11.060063,10.911938,9.516312,14.442375,12.03988
2024-03-23 13:33:35,14.62575,10.771,9.484563,15.588687,10.7111875,12.398625,10.935063,10.349938,9.141312,14.630375,12.03988
2024-03-23 13:34:44,14.62575,10.896,9.609563,15.901687,10.7111875,12.211625,10.935063,10.661938,9.016312,14.942375,12.35188
2024-03-23 13:35:53,14.68775,10.896,9.609563,16.338687,10.7741875,12.336625,11.060063,11.099938,9.078311999999999,14.692375,12.22688
2024-03-23 13:37:02,14.56275,11.021,9.422563,16.713687,10.7111875,12.523625,10.872062999999999,11.224938,9.141312,14.442375,12.10188
2024-03-23 13:38:11,14.87575,11.146,9.422563,16.588687,10.8361875,12.836625,11.060063,10.911938,9.141312,14.692375,12.10188
2024-03-23 13:39:20,15.06275,11.146,9.734563,16.838687,10.8361875,13.523625,11.185063,11.036938,9.141312,15.067375,12.53988
2024-03-23 13:40:30,15.06275,11.583,10.172563,17.338687,10.8361875,13.523625,11.685063,11.286938,9.953311999999999,15.442375,12.85188
2024-03-23 13:41:38,16.00075,11.771,10.422563,17.776687,11.8361875,13.836625,11.935063,11.474938,10.016312,15.817375,12.85188
2024-03-23 13:42:47,16.37575,12.021,10.734563,17.776687,12.1491875,14.461625,12.185063,11.474938,10.328311999999999,16.192375,13.41488
2024-03-23 13:43:56,15.93775,11.771,10.422563,17.776687,12.0241875,14.523625,11.935063,11.599938,10.391312,15.692375,13.41488
2024-03-23 13:45:05,15.87575,11.771,10.297563,17.588687,11.9611875,14.336625,11.872062999999999,11.599938,10.391312,15.755375,13.16488
2024-03-23 13:46:14,16.25075,11.958,10.297563,18.088687,12.0241875,14.523625,11.997062999999999,11.786938,10.391312,16.192375,13.53988
2024-03-23 13:47:23,16.62575,12.021,10.859563,18.088687,12.3991875,14.961625,12.310063,11.786938,10.703311999999999,16.505375,13.60188
2024-03-23 13:48:33,17.06275,12.083,11.234563,17.901687,12.7741875,14.961625,12.685063,11.599938,10.703311999999999,16.817375000000002,13.72688
2024-03-23 13:49:42,17.18775,12.083,11.234563,17.776687,12.8991875,15.836625,12.747062999999999,11.599938,11.266312,16.942375000000002,13.72688
2024-03-23 13:50:51,17.00075,11.583,11.234563,17.213687,12.8991875,15.898625,12.622062999999999,11.161938,11.203311999999999,16.942375000000002,13.03988
2024-03-23 13:52:00,17.12575,11.708,11.234563,17.213687,12.7111875,15.273625,12.685063,11.099938,10.953311999999999,16.755375,13.28988
2024-03-23 13:53:09,17.50075,11.958,11.609563,17.401687,13.0241875,15.711625,12.997062999999999,11.099938,11.266312,16.755375,13.53988
2024-03-23 13:54:18,17.87575,11.958,11.797563,17.588687,13.2111875,15.711625,13.122062999999999,11.349938,11.516312,17.505375,13.78988
2024-03-23 13:55:27,17.12575,11.333,11.297563,16.338687,12.5241875,15.711625,12.372062999999999,9.974938,11.016312,17.505375,13.78988
2024-03-23 13:56:36,16.50075,10.583,10.734563,15.463687,11.8991875,15.273625,11.872062999999999,9.286938,10.578311999999999,16.005375,13.78988
2024-03-23 13:57:45,16.187749999999998,10.583,10.484563,14.963687,11.6491875,15.148625,11.685063,9.161938,10.453311999999999,15.755375,12.22688
2024-03-23 13:58:54,15.87575,10.771,10.484563,15.401687,11.5241875,14.086625,11.622062999999999,9.599938,10.016312,15.505375,12.35188
2024-03-23 14:00:03,15.18775,10.646,9.922563,15.026687,11.5241875,13.086625,10.935063,9.161938,10.016312,14.942375,12.10188
2024-03-23 14:01:12,14.56275,10.333,9.359563,15.088687,10.4611875,12.336625,10.935063,9.099938,8.953311999999999,14.942375,11.85188
2024-03-23 14:02:21,14.56275,10.583,9.547563,15.526687,10.4611875,12.273625,10.810063,9.099938,8.953311999999999,14.630375,11.85188
2024-03-23 14:03:30,14.75075,10.583,9.609563,15.651687,10.7111875,12.273625,10.935063,10.286938,9.078311999999999,14.692375,12.10188
2024-03-23 14:04:39,14.62575,10.833,9.547563,15.901687,10.7111875,12.023625,10.935063,10.536938,9.078311999999999,14.567375,12.10188
2024-03-23 14:05:48,14.62575,10.896,9.484563,15.901687,10.5241875,11.836625,10.747062999999999,10.786938,8.828311999999999,14.505375,11.97688
2024-03-23 14:06:57,14.56275,10.833,9.547563,16.026687,10.4611875,11.836625,10.747062999999999,10.724938,8.891312,14.505375,11.97688
2024-03-23 14:08:06,14.56275,10.833,9.672563,16.026687,10.4611875,11.836625,10.935063,11.099938,9.266312,15.192375,12.60188
2024-03-23 14:09:15,15.31275,11.021,9.672563,16.026687,11.1491875,13.461625,11.185063,10.849938,9.516312,15.317375,12.60188
2024-03-23 14:10:24,15.75075,11.146,9.672563,16.026687,11.4611875,14.086625,11.497062999999999,11.161938,9.891312,15.317375,12.66488
2024-03-23 14:11:33,16.12575,11.396,10.359563,16.588687,11.6491875,14.398625,11.622062999999999,11.099938,10.078311999999999,16.067375,12.97688
2024-03-23 14:12:42,16.062749999999998,11.583,10.359563,16.588687,11.7111875,14.211625,11.622062999999999,11.349938,10.078311999999999,16.005375,13.03988
2024-03-23 14:13:51,15.81275,11.333,10.109563,16.526687,11.4611875,13.648625,11.435063,10.911938,9.828311999999999,15.692375,12.72688
2024-03-23 14:15:00,15.75075,11.271,10.109563,16.526687,11.3991875,13.211625,11.435063,10.849938,9.703311999999999,15.755375,12.85188
2024-03-23 14:16:09,15.56275,11.271,10.109563,16.338687,11.2741875,13.211625,11.310063,10.786938,9.703311999999999,15.567375,12.66488
2024-03-23 14:17:18,14.75075,11.021,9.547563,16.151687,10.7741875,11.961625,10.935063,10.786938,9.703311999999999,15.567375,12.35188
2024-03-23 14:18:27,14.68775,11.021,9.547563,15.901687,10.7111875,12.211625,10.872062999999999,10.849938,9.141312,14.817375,12.35188
2024-03-23 14:19:36,14.50075,10.896,9.547563,15.963687,10.6491875,12.086625,10.810063,11.161938,9.016312,14.692375,12.35188
2024-03-23 14:20:45,14.31275,10.833,9.484563,15.963687,10.4611875,11.586625,10.685063,11.224938,8.766312,14.630375,12.28988
2024-03-23 14:21:54,14.31275,10.833,9.609563,15.963687,10.5241875,11.648625,10.747062999999999,11.349938,8.828311999999999,14.692375,12.22688
2024-03-23 14:23:03,14.62575,11.146,9.797563,16.338687,10.7111875,11.836625,10.872062999999999,11.349938,8.953311999999999,14.755375,12.35188
2024-03-23 14:24:12,14.62575,10.958,9.484563,15.901687,10.5241875,11.773625,99998.810063,11.349938,8.891312,14.505375,12.35188
2024-03-23 14:25:21,14.00075,10.646,9.234563,15.401687,10.3361875,11.523625,10.497062999999999,10.349938,8.703311999999999,14.192375,11.85188
2024-03-23 14:26:30,14.25075,10.708,9.359563,15.588687,10.3991875,11.523625,10.622062999999999,10.349938,8.828311999999999,14.380375,11.97688
2024-03-23 14:27:39,14.56275,10.958,9.609563,15.901687,10.6491875,12.023625,10.872062999999999,11.036938,9.016312,14.692375,12.28988
2024-03-23 14:28:48,14.75075,11.083,9.797563,16.026687,10.8991875,11.898625,10.872062999999999,11.349938,9.078311999999999,14.880375,12.28988
2024-03-23 14:29:57,14.81275,11.146,9.797563,16.213687,10.9611875,11.898625,11.060063,11.411938,9.141312,15.067375,12.60188
2024-03-23 14:31:06,14.81275,11.208,9.734563,16.276687,10.9611875,12.086625,10.997062999999999,11.536938,9.141312,14.817375,12.41488
2024-03-23 14:32:15,14.31275,10.896,9.547563,16.026687,10.5861875,11.461625,10.747062999999999,11.536938,8.766312,14.380375,12.03988
2024-03-23 14:33:25,14.00075,10.771,9.484563,15.838687,10.4611875,11.336625,10.685063,11.224938,8.703311999999999,14.380375,12.03988
2024-03-23 14:34:34,14.25075,10.896,9.609563,15.963687,10.5241875,11.336625,10.810063,11.599938,8.828311999999999,14.442375,12.16488
2024-03-23 14:35:43,14.31275,10.896,9.609563,16.026687,10.5861875,11.398625,10.810063,11.724938,8.766312,14.567375,12.22688
2024-03-23 14:36:52,14.25075,10.896,9.672563,15.838687,10.6491875,11.398625,10.872062999999999,11.661938,8.828311999999999,14.567375,12.22688
2024-03-23 14:38:01,14.18775,10.896,9.547563,15.838687,10.6491875,11.461625,10.872062999999999,11.786938,8.828311999999999,14.442375,12.16488
2024-03-23 14:39:10,14.31275,10.958,9.734563,15.901687,10.6491875,11.711625,10.935063,11.786938,9.016312,14.505375,12.22688
2024-03-23 14:40:19,14.06275,10.958,9.734563,15.901687,10.6491875,11.648625,10.747062999999999,11.974938,8.953311999999999,14.505375,12.16488
2024-03-23 14:41:28,14.18775,10.896,9.609563,15.776687,10.6491875,11.461625,10.747062999999999,11.974938,8.891312,14.505375,12.22688
2024-03-23 14:42:37,13.93775,10.958,9.547563,15.713687,10.5861875,11.398625,10.685063,12.099938,8.828311999999999,14.505375,12.03988
2024-03-23 14:43:46,13.62575,10.771,9.359563,15.588687,10.5241875,11.648625,10.685063,11.911938,8.891312,13.942375,11.85188
2024-03-23 14:44:55,13.68775,10.646,9.359563,15.338687,10.3991875,11.211625,10.560063,11.786938,8.703311999999999,14.005375,11.85188
2024-03-23 14:46:04,13.81275,10.646,9.359563,15.338687,10.5241875,11.586625,10.685063,11.786938,8.891312,14.130375,11.91488
2024-03-23 14:47:13,14.06275,10.958,9.734563,15.713687,10.7741875,11.711625,10.935063,12.411938,8.891312,14.317375,12.28988
2024-03-23 14:48:22,14.43775,11.208,9.734563,15.713687,10.8361875,11.648625,11.122062999999999,12.599938,8.891312,14.317375,12.53988
2024-03-23 14:49:31,15.00075,11.646,10.234563,16.276687,11.2741875,12.211625,11.497062999999999,12.849938,9.453311999999999,15.192375,12.85188
2024-03-23 14:50:40,14.93775,11.521,10.359563,16.338687,11.3361875,12.336625,11.497062999999999,12.911938,9.516312,15.067375,12.66488
2024-03-23 14:51:49,15.00075,11.521,10.359563,16.713687,11.2741875,12.273625,11.435063,12.911938,9.453311999999999,15.067375,12.66488
2024-03-23 14:52:58,15.06275,11.646,10.297563,17.151687,11.3361875,12.148625,11.560063,13.536938,9.453311999999999,15.130375,99998.78988
2024-03-23 14:54:07,14.87575,11.646,10.297563,17.151687,11.1491875,11.836625,11.497062999999999,13.536938,9.453311999999999,15.130375,12.85188
2024-03-23 14:55:16,15.18775,11.646,10.484563,17.276687,11.1491875,12.336625,11.685063,13.536938,9.578311999999999,15.255375,12.91488
2024-03-23 14:56:25,14.87575,11.646,10.297563,16.963687,11.1491875,11.711625,11.685063,13.474938,9.266312,15.005375,12.72688
2024-03-23 14:57:34,15.00075,11.646,10.359563,16.838687,11.3991875,12.211625,11.685063,13.474938,9.578311999999999,15.255375,13.03988
2024-03-23 14:58:43,15.06275,11.708,10.359563,17.026687,11.3991875,11.898625,11.560063,13.724938,9.391312,15.192375,13.03988
2024-03-23 14:59:52,15.00075,11.646,10.359563,17.026687,11.2741875,11.898625,11.560063,99998.474938,9.391312,15.192375,12.85188
2024-03-23 15:01:01,15.25075,11.896,10.609563,17.276687,11.5241875,12.211625,11.872062999999999,13.786938,9.516312,15.380375,13.10188
2024-03-23 15:02:10,15.56275,12.021,10.797563,17.651687,11.7111875,12.398625,11.935063,14.036938,9.703311999999999,15.630375,13.10188
2024-03-23 15:03:19,15.75075,12.208,10.859563,18.088687,11.7111875,12.461625,12.060063,14.349938,9.703311999999999,15.880375,13.41488
2024-03-23 15:04:28,15.50075,12.021,10.734563,17.776687,11.8361875,12.586625,12.060063,13.849938,9.891312,15.630375,13.28988
2024-03-23 15:05:37,15.68775,12.021,10.859563,17.463687,12.0241875,13.023625,12.185063,13.786938,10.141312,15.630375,13.41488
2024-03-23 15:06:46,15.56275,11.583,10.922563,16.276687,12.1491875,13.398625,12.185063,13.224938,10.391312,15.567375,13.10188
2024-03-23 15:07:55,15.31275,11.458,10.609563,16.026687,12.1491875,13.398625,11.872062999999999,13.224938,10.328311999999999,15.442375,12.97688
2024-03-23 15:09:04,15.00075,11.021,10.547563,16.026687,11.7111875,13.398625,11.685063,12.724938,10.266312,15.005375,12.41488
2024-03-23 15:10:13,14.43775,10.021,10.172563,13.713687,11.7111875,12.898625,11.310063,11.161938,10.266312,14.255375,11.53988
2024-03-23 15:11:22,13.75075,10.021,9.797563,12.276687,10.9611875,12.461625,10.935063,10.099938,9.641312,13.630375,10.91488
2024-03-23 15:12:31,12.68775,8.333,9.047563,10.713687,10.2741875,11.711625,10.122062999999999,8.974938,9.078311999999999,13.630375,10.91488
2024-03-23 15:13:40,11.81275,7.646,8.422563,9.588687,9.5861875,11.086625,9.560063,8.474938,8.578311999999999,11.755375,9.28988
2024-03-23 15:14:49,11.81275,7.021,8.109563,8.651687,9.0241875,10.586625,9.060063,8.099938,8.078312,11.067375,8.53988
2024-03-23 15:15:58,11.25075,6.958,8.172563,8.651687,9.0861875,10.836625,9.060063,8.536938,8.141312,11.067375,8.53988
2024-03-23 15:17:07,11.93775,7.583,8.484563,9.713687,9.5861875,11.586625,9.560063,9.849938,8.453312,11.630375,9.03988
2024-03-23 15:18:16,11.93775,7.957999999999999,8.547563,10.213687,9.6491875,11.648625,9.497062999999999,10.036938,8.516312,11.755375,9.03988
2024-03-23 15:19:25,11.93775,8.021,8.422563,10.651687,9.3991875,11.273625,9.310063,10.036938,8.266312,11.755375,9.28988
2024-03-23 15:20:34,11.62575,8.021,8.109563,10.963687,9.0861875,10.836625,9.122062999999999,10.536938,8.016312,11.630375,9.28988
2024-03-23 15:21:43,11.37575,8.083,7.8595630000000005,11.213687,9.0861875,10.586625,8.935063,10.536938,7.828312,11.505375,9.28988
2024-03-23 15:22:52,11.31275,8.083,7.8595630000000005,11.588687,8.9611875,10.398625,8.872062999999999,10.599938,7.703312,11.442375,9.22688
2024-03-23 15:24:01,11.50075,8.208,7.8595630000000005,11.463687,8.8361875,10.398625,8.872062999999999,10.599938,7.641312,11.442375,9.22688
2024-03-23 15:25:10,11.56275,8.271,7.797563,11.463687,8.7741875,10.523625,8.810063,10.161938,7.703312,11.567375,9.41488
2024-03-23 15:26:19,11.81275,8.271,7.984563,11.713687,9.0241875,10.461625,9.060063,10.911938,7.703312,11.817375,9.60188
2024-03-23 15:27:28,11.87575,8.583,8.047563,12.401687,8.9611875,10.148625,9.122062999999999,12.099938,7.578312,11.942375,9.78988
2024-03-23 15:28:37,12.25075,8.833,8.297563,12.651687,9.2741875,10.648625,9.310063,12.724938,7.828312,12.255375,10.10188
2024-03-23 15:29:46,12.00075,8.896,8.172563,12.963687,9.2741875,10.711625,9.247062999999999,13.349938,7.828312,12.005375,9.91488
2024-03-23 15:30:55,12.12575,8.958,8.234563,13.026687,9.2741875,10.898625,9.310063,13.224938,7.953312,12.255375,10.03988
2024-03-23 15:32:04,12.62575,9.146,8.672563,13.338687,9.8361875,11.461625,9.310063,13.224938,8.391312,12.692375,10.03988
2024-03-23 15:33:13,12.62575,9.396,8.672563,13.776687,9.8991875,11.461625,9.810063,13.224938,8.453312,12.817375,10.53988
2024-03-23 15:34:22,12.25075,9.021,8.359563,13.088687,9.2741875,10.898625,9.372062999999999,13.036938,8.016312,12.380375,10.16488
2024-03-23 15:35:31,12.50075,9.021,8.359563,13.088687,9.6491875,11.336625,9.372062999999999,13.974938,8.266312,12.380375,10.16488
2024-03-23 15:36:41,12.68775,9.458,8.672563,13.338687,9.8361875,11.273625,9.872062999999999,13.786938,8.266312,12.755375,10.53988
2024-03-23 15:37:49,12.93775,9.583,8.797563,13.401687,10.0241875,11.711625,9.997062999999999,14.661938,8.578311999999999,12.942375,10.78988
2024-03-23 15:38:59,12.93775,9.521,8.797563,13.338687,10.0241875,11.836625,9.997062999999999,14.661938,8.641312,13.067375,10.72688
2024-03-23 15:40:08,12.81275,9.333,8.609563,13.026687,9.8991875,11.711625,9.810063,14.724938,8.641312,12.942375,10.60188
2024-03-23 15:41:17,12.43775,9.083,8.422563,12.526687,9.6491875,11.398625,9.560063,14.599938,8.453312,12.942375,10.35188
2024-03-23 15:42:25,12.12575,9.083,8.234563,12.338687,9.5241875,10.648625,9.435063,14.599938,8.141312,12.442375,10.35188
2024-03-23 15:43:34,11.81275,9.083,8.047563,12.463687,9.2111875,10.086625,9.185063,15.411938,7.828312,12.130375,10.35188
2024-03-23 15:44:43,11.50075,9.021,7.922563,12.463687,8.8991875,9.586625,8.935063,16.161938000000003,7.516312,11.942375,10.03988
2024-03-23 15:45:52,11.31275,8.833,7.797563,12.588687,8.7741875,9.398625,8.872062999999999,16.974938,7.328312,11.755375,9.91488
2024-03-23 15:47:02,11.25075,8.646,7.7345630000000005,11.838687,8.5861875,9.336625,8.560063,16.161938000000003,7.328312,11.380375,9.53988
2024-03-23 15:48:10,10.25075,7.896,6.922563,10.963687,7.7741875,8.961625,7.872063,15.411938,6.766312,10.567375,8.85188
2024-03-23 15:49:20,10.12575,7.896,6.8595630000000005,11.088687,7.7741875,8.961625,7.810063,16.286938000000003,6.641312,10.505375,8.85188
2024-03-23 15:50:29,10.12575,7.833,6.8595630000000005,10.776687,7.7741875,8.961625,7.872063,16.286938000000003,6.703312,10.567375,8.91488
2024-03-23 15:51:38,10.06275,7.833,6.8595630000000005,10.651687,7.8361875,8.898625,7.810063,15.224938,6.703312,10.505375,8.91488
2024-03-23 15:52:47,10.00075,7.771,6.797563,10.651687,7.7741875,8.836625,7.685063,14.974938,6.641312,10.442375,8.91488
2024-03-23 15:53:56,9.93775,7.646,6.7345630000000005,10.651687,7.7741875,8.961625,7.622063000000001,14.849938,6.703312,10.380375,8.78988
2024-03-23 15:55:05,9.81275,7.646,6.6095630000000005,10.276687,7.6491875,8.773625,7.622063000000001,15.661938000000001,6.578312,10.255375,8.72688
2024-03-23 15:56:14,9.87575,7.583,6.797563,10.401687,7.7741875,8.836625,7.685063,15.786938000000001,6.641312,10.380375,8.72688
2024-03-23 15:57:23,9.43775,7.333,6.422563,9.776687,7.7741875,8.648625,7.185063,14.286938,6.391312,10.380375,8.41488
2024-03-23 15:58:32,9.37575,7.333,6.297563,9.526687,7.3361875,8.711625,7.122063000000001,14.036938,6.328312,9.942375,8.35188
2024-03-23 15:59:41,9.37575,7.208,6.297563,9.338687,7.3361875,8.586625,7.185063,13.974938,6.328312,10.005375,8.35188
2024-03-23 16:00:50,9.18775,7.083,6.172563,9.026687,7.2741875,8.461625,6.997063000000001,13.599938,6.203312,9.817375,8.22688
2024-03-23 16:01:59,8.93775,7.021,6.047563,8.838687,6.9611875,8.273625,6.810063,12.786938,6.078312,9.692375,8.10188
2024-03-23 16:03:08,8.56275,6.833,6.047563,8.838687,6.9611875,8.273625,6.497063000000001,12.786938,6.078312,9.380375,7.8518799999999995
2024-03-23 16:04:17,8.06275,6.833,5.4845630000000005,8.213687,6.9611875,8.273625,6.185063,11.349938,5.516312,8.880375,7.53988
2024-03-23 16:05:26,7.50075,6.083,5.172563,7.838687,6.0241875,6.648625,5.810063,11.349938,5.078312,8.317375,6.97688
2024-03-23 16:06:35,6.81275,5.646,4.797563,7.151687,5.5241875,6.148625,5.310063,9.536938,5.078312,7.630375,6.53988
2024-03-23 16:07:44,6.81275,5.646,4.7345630000000005,7.151687,5.4611875,6.023625,5.247063000000001,11.161938,4.578312,7.630375,6.41488
2024-03-23 16:08:53,7.50075,6.021,5.2345630000000005,8.026687,5.8361875,6.523625,5.747063000000001,14.661938,99999.516312,7.630375,6.72688
2024-03-23 16:10:02,8.18775,6.396,5.672563,8.901687,6.3991875,7.148625,6.247063000000001,17.099938,5.203312,8.755375,7.16488
2024-03-23 16:11:11,8.62575,6.646,5.672563,9.776687,6.7741875,7.648625,6.622063000000001,17.099938,5.516312,9.067375,7.47688
2024-03-23 16:12:20,9.00075,6.958,6.172563,9.776687,7.0861875,7.648625,6.872063000000001,19.349938,5.703312,9.380375,7.72688
2024-03-23 16:13:29,8.68775,6.646,6.172563,9.276687,6.8991875,7.711625,6.497063000000001,15.474938,5.703312,9.192375,7.53988
2024-03-23 16:14:38,8.68775,6.083,5.4845630000000005,8.088687,6.3991875,7.273625,5.997063000000001,12.036938,5.453312,8.630375,7.53988
2024-03-23 16:15:47,7.31275,5.583,4.9845630000000005,8.088687,5.9611875,7.273625,5.560063,9.786938,5.078312,8.067375,6.66488
2024-03-23 16:16:56,7.31275,5.583,4.547563,6.463687,5.5241875,7.273625,5.185063,8.786938,4.703312,7.692375,6.35188
2024-03-23 16:18:05,6.43775,5.208,4.297563,6.088687,5.1491875,5.898625,4.935063,8.099938,4.391312,7.380375,6.10188
2024-03-23 16:19:14,6.00075,4.896,4.1095630000000005,6.088687,4.8361875,5.898625,4.622063000000001,8.099938,4.016312,7.380375,5.66488
2024-03-23 16:20:23,5.87575,4.896,3.984563,5.838687,4.7111875,5.211625,4.497063000000001,7.849938,4.016312,6.755375,5.66488
2024-03-23 16:21:32,5.87575,4.958,3.984563,6.026687,4.7741875,5.211625,4.497063000000001,8.599938,3.891312,6.817375,5.60188
2024-03-23 16:22:41,6.25075,5.208,4.2345630000000005,6.026687,4.9611875,5.211625,4.747063000000001,10.786938,4.0783119999999995,7.130375,5.60188
2024-03-23 16:23:50,7.00075,5.646,4.797563,7.463687,5.5241875,6.336625,5.247063000000001,14.286938,4.4533119999999995,7.817375,6.28988
2024-03-23 16:24:59,7.81275,6.083,5.3595630000000005,8.651687,6.1491875,7.086625,5.872063000000001,16.786938000000003,4.953312,8.380375,6.66488
2024-03-23 16:26:08,8.18775,6.083,5.672563,9.401687,6.5861875,7.086625,6.247063000000001,16.786938000000003,5.391312,8.380375,6.66488
2024-03-23 16:27:17,8.81275,7.021,6.172563,9.401687,7.0861875,8.023625000000001,6.747063000000001,18.911938000000003,5.828312,9.442375,6.66488
2024-03-23 16:28:26,8.81275,7.021,6.3595630000000005,10.338687,7.3991875,8.398625,6.997063000000001,18.911938000000003,6.141312,9.817375,7.91488
2024-03-23 16:29:35,9.31275,7.021,6.422563,10.401687,7.5241875,8.648625,7.060063,18.849938,6.141312,9.817375,8.03988
2024-03-23 16:30:45,9.31275,7.021,6.4845630000000005,10.338687,7.5241875,8.648625,7.060063,18.849938,6.141312,9.817375,8.16488
2024-03-23 16:31:53,9.18775,7.458,6.4845630000000005,10.088687,7.3361875,8.273625,6.935063,17.911938000000003,6.266312,9.880375,8.16488
2024-03-23 16:33:02,8.68775,7.271,5.922563,9.526687,6.8991875,7.773625,6.560063,15.786938000000001,5.891312,9.505375,7.91488
2024-03-23 16:34:11,7.87575,6.771,5.3595630000000005,8.776687,6.3361875,6.773625,5.997063000000001,13.474938,5.266312,8.817375,7.41488
2024-03-23 16:35:20,7.06275,6.771,5.3595630000000005,8.776687,5.6491875,5.836625,5.435063,11.724938,4.703312,8.067375,6.85188
2024-03-23 16:36:30,6.56275,5.771,4.547563,7.213687,5.2741875,5.586625,4.997063000000001,10.349938,4.391312,7.567375,6.53988
2024-03-23 16:37:39,6.37575,5.583,4.3595630000000005,6.713687,5.2741875,5.461625,4.997063000000001,9.911938,4.266312,7.442375,6.35188
2024-03-23 16:38:48,6.31275,5.521,4.3595630000000005,6.713687,5.1491875,5.523625,4.872063000000001,10.786938,4.266312,7.317375,6.22688
2024-03-23 16:39:57,6.31275,5.646,4.3595630000000005,6.776687,5.1491875,5.711625,4.810063,11.349938,4.266312,7.380375,6.22688
2024-03-23 16:41:06,6.37575,5.646,4.3595630000000005,6.776687,5.2741875,5.711625,4.935063,11.349938,4.266312,7.442375,6.22688
2024-03-23 16:42:15,6.50075,5.646,4.3595630000000005,7.088687,5.2741875,5.711625,4.935063,12.474938,4.3283119999999995,7.442375,6.22688
2024-03-23 16:43:24,6.75075,5.708,4.6095630000000005,7.088687,5.5241875,5.711625,5.122063000000001,12.849938,4.516312,7.692375,6.35188
2024-03-23 16:44:33,6.87575,5.833,4.6095630000000005,7.276687,5.5241875,5.711625,5.122063000000001,12.849938,4.641312,7.817375,6.41488
2024-03-23 16:45:42,6.87575,5.833,4.7345630000000005,7.276687,5.5861875,6.336625,5.247063000000001,13.099938,4.703312,7.817375,6.41488
2024-03-23 16:46:51,6.81275,5.833,4.797563,7.463687,5.6491875,6.336625,5.247063000000001,12.974938,4.703312,7.755375,6.35188
2024-03-23 16:48:00,6.62575,5.708,4.6095630000000005,7.338687,5.3991875,5.961625,5.060063,12.474938,4.4533119999999995,7.567375,6.22688
2024-03-23 16:49:09,6.50075,5.521,4.4845630000000005,7.213687,5.2741875,5.773625,4.935063,12.099938,4.3283119999999995,7.380375,6.10188
2024-03-23 16:50:18,6.37575,5.458,4.422563,7.151687,5.2741875,5.711625,4.935063,12.161938,4.3283119999999995,7.317375,6.10188
2024-03-23 16:51:27,6.37575,5.458,4.3595630000000005,7.213687,5.2741875,5.711625,4.872063000000001,12.411938,4.3283119999999995,7.255375,5.97688
2024-03-23 16:52:37,6.37575,5.583,4.3595630000000005,7.213687,5.2741875,5.836625,4.872063000000001,12.474938,4.3283119999999995,7.255375,5.97688
2024-03-23 16:53:46,6.31275,5.583,4.297563,7.088687,5.2111875,5.773625,4.810063,12.474938,4.266312,7.192375,5.97688
2024-03-23 16:54:55,6.18775,5.521,4.172563,6.838687,5.1491875,5.836625,4.685063,11.411938,4.266312,7.130375,5.85188
2024-03-23 16:56:04,5.81275,5.333,4.172563,6.526687,5.1491875,5.648625,4.560063,10.036938,4.141312,6.817375,5.66488
2024-03-23 16:57:13,5.81275,5.208,3.7345629999999996,6.151687,4.7111875,5.211625,4.310063,8.849938,3.891312,6.505375,5.66488
2024-03-23 16:58:22,5.12575,4.958,3.6095629999999996,5.838687,4.7111875,4.898625,3.9970630000000003,8.849938,3.703312,6.192375,5.22688
2024-03-23 16:59:31,4.56275,4.583,3.2345629999999996,5.338687,4.0241875,4.461625,3.622063,7.286938,3.391312,5.692375,4.78988
2024-03-23 17:00:40,4.312749999999999,4.396,2.9845629999999996,4.901687,3.7741875,4.461625,3.372063,7.286938,3.078312,5.442375,4.60188
2024-03-23 17:01:48,4.062749999999999,4.208,2.797563,4.588687,3.6491875,3.836625,3.247063,6.349938,2.891312,5.255375,4.47688
2024-03-23 17:02:57,3.93775,4.208,2.797563,4.401687,3.4611875,3.648625,3.060063,6.224938,2.766312,5.067375,4.47688
2024-03-23 17:04:07,3.81275,4.208,2.672563,4.401687,3.3361875,3.648625,2.997063,6.286938,2.703312,5.067375,4.22688
2024-03-23 17:05:16,3.81275,4.146,2.7345629999999996,4.213687,3.3361875,3.586625,2.935063,6.099938,2.641312,5.005375,4.22688
2024-03-23 17:06:25,3.81275,4.146,2.672563,4.213687,3.2741875,3.461625,2.872063,6.099938,2.516312,5.005375,4.10188
2024-03-23 17:07:34,3.75075,4.021,2.7345629999999996,4.151687,3.1491875,3.273625,2.747063,6.099938,2.453312,4.880375,4.10188
2024-03-23 17:08:43,3.68775,4.021,2.7345629999999996,3.9636869999999997,3.0861875,3.211625,2.810063,5.974938,2.391312,4.880375,4.03988
2024-03-23 17:09:52,3.68775,3.958,2.7345629999999996,3.776687,3.0861875,3.211625,2.747063,5.911938,2.391312,4.880375,4.03988
2024-03-23 17:11:01,3.75075,4.083,2.7345629999999996,3.776687,3.0861875,3.273625,2.747063,5.849938,2.391312,4.942375,4.10188
2024-03-23 17:12:10,3.75075,4.083,2.7345629999999996,3.776687,3.1491875,3.211625,2.747063,5.849938,2.391312,4.942375,4.10188
2024-03-23 17:13:19,3.68775,4.146,2.672563,3.776687,3.0241875,3.273625,2.622063,5.849938,2.391312,4.880375,3.9768800000000004
2024-03-23 17:14:28,3.62575,4.021,2.672563,3.8386869999999997,3.0861875,3.148625,2.685063,5.911938,2.391312,4.817375,3.91488
2024-03-23 17:15:37,3.50075,4.021,2.672563,3.901687,2.9611875,3.086625,2.560063,5.911938,2.266312,4.692375,3.91488
2024-03-23 17:16:46,3.56275,3.896,2.672563,3.776687,2.9611875,3.086625,2.622063,5.786938,2.266312,4.755375,3.8518800000000004
2024-03-23 17:17:55,3.56275,3.8329999999999997,2.7345629999999996,3.776687,3.0861875,3.148625,2.685063,5.974938,2.328312,4.755375,3.8518800000000004
2024-03-23 17:19:04,3.68775,3.896,2.797563,3.8386869999999997,3.1491875,3.211625,2.747063,5.974938,2.391312,4.755375,3.91488
2024-03-23 17:20:13,3.81275,4.021,2.922563,3.8386869999999997,3.1491875,3.211625,2.747063,5.974938,2.453312,4.942375,3.91488
2024-03-23 17:21:22,3.81275,4.083,2.922563,3.9636869999999997,3.2111875,3.211625,2.872063,6.224938,2.516312,5.005375,4.03988
2024-03-23 17:22:31,4.00075,4.083,3.047563,4.026687,3.2741875,3.461625,2.935063,6.349938,2.516312,5.130375,4.10188
2024-03-23 17:23:40,4.062749999999999,4.208,3.047563,4.151687,3.3361875,3.523625,2.935063,6.536938,2.578312,5.255375,4.22688
2024-03-23 17:24:49,4.00075,4.208,3.047563,4.151687,3.3361875,3.586625,2.935063,6.411938,2.641312,5.192375,4.16488
2024-03-23 17:25:58,3.87575,4.271,2.8595629999999996,4.088687,3.3361875,3.398625,2.935063,6.224938,2.516312,5.005375,4.10188
2024-03-23 17:27:07,3.68775,4.146,2.7345629999999996,3.9636869999999997,3.0861875,3.398625,2.935063,6.036938,2.391312,5.005375,4.10188
2024-03-23 17:28:16,3.43775,3.8329999999999997,2.547563,3.9636869999999997,2.8361875,2.961625,2.935063,5.786938,2.391312,4.630375,4.10188
2024-03-23 17:29:25,3.12575,3.5829999999999997,2.3595629999999996,3.651687,2.7111875,2.836625,2.247063,5.411938,2.078312,4.630375,4.10188
2024-03-23 17:30:34,2.93775,3.3329999999999997,2.1095629999999996,3.401687,2.5241875,2.586625,2.122063,5.161938,1.891312,4.130375,4.10188
2024-03-23 17:31:43,2.81275,3.3329999999999997,2.047563,3.151687,2.3991875,2.523625,1.9970629999999998,4.849938,1.766312,4.067375,3.22688
2024-03-23 17:32:52,2.68775,3.2079999999999997,1.9845629999999999,3.151687,2.3361875,2.398625,1.935063,4.724938,1.703312,4.067375,3.16488
2024-03-23 17:34:01,2.56275,3.2079999999999997,1.859563,2.776687,2.3361875,2.273625,1.810063,4.474938,1.578312,3.8173749999999997,2.97688
2024-03-23 17:35:10,2.56275,2.8329999999999997,1.797563,2.401687,2.0861875,2.273625,1.747063,4.161938,1.516312,3.6923749999999997,2.85188
2024-03-23 17:36:19,2.31275,2.771,1.734563,2.401687,2.0241875,2.273625,1.560063,4.036938,1.391312,3.630375,2.78988
2024-03-23 17:37:28,2.18775,2.7079999999999997,1.672563,2.0886869999999997,1.8991875,1.898625,1.497063,3.974938,1.391312,3.5673749999999997,2.78988
2024-03-23 17:38:37,2.12575,2.7079999999999997,1.609563,2.0886869999999997,1.8361875,1.836625,1.435063,3.974938,1.266312,3.4423749999999997,2.66488
2024-03-23 17:39:46,2.12575,2.7079999999999997,1.484563,2.026687,1.7741875,1.773625,1.310063,3.974938,1.203312,3.3173749999999997,2.53988
2024-03-23 17:40:55,1.93775,2.521,1.422563,2.026687,1.6491875,1.648625,1.247063,3.974938,1.141312,3.255375,2.41488
2024-03-23 17:42:04,1.93775,2.646,1.422563,2.026687,1.6491875,1.648625,1.247063,4.036938,1.078312,3.255375,2.47688
2024-03-23 17:43:13,1.87575,2.771,1.422563,2.0886869999999997,1.6491875,1.648625,1.247063,4.161938,1.078312,3.1923749999999997,2.41488
2024-03-23 17:44:22,1.93775,2.8329999999999997,1.422563,2.151687,1.5861875,1.586625,1.185063,4.224938,1.016312,3.255375,2.47688
2024-03-23 17:45:31,1.87575,2.771,1.422563,2.2136869999999997,1.5861875,1.586625,1.247063,4.286938,1.016312,3.255375,2.47688
2024-03-23 17:46:40,1.87575,2.646,1.422563,2.2136869999999997,1.5861875,1.586625,1.185063,4.349938,1.016312,3.1923749999999997,2.35188
2024-03-23 17:47:49,1.93775,2.771,1.484563,2.151687,1.6491875,1.586625,1.185063,4.349938,1.016312,3.1923749999999997,2.47688
2024-03-23 17:48:58,1.87575,2.646,1.484563,2.2136869999999997,1.6491875,1.586625,1.247063,4.474938,1.016312,3.1923749999999997,2.47688
2024-03-23 17:50:08,1.87575,2.646,1.422563,2.2136869999999997,1.6491875,1.586625,1.185063,4.474938,1.016312,3.130375,99998.78988
2024-03-23 17:51:17,1.87575,2.8329999999999997,1.484563,2.2136869999999997,1.5861875,1.586625,1.185063,4.474938,1.016312,3.1923749999999997,2.47688
2024-03-23 17:52:26,1.87575,2.8329999999999997,1.422563,2.3386869999999997,1.5861875,1.586625,1.185063,4.474938,1.016312,3.1923749999999997,2.41488
2024-03-23 17:53:35,1.81275,2.7079999999999997,1.422563,2.3386869999999997,1.5861875,1.523625,1.122063,4.349938,1.016312,3.1923749999999997,2.35188
2024-03-23 17:54:43,1.81275,2.8329999999999997,1.359563,2.3386869999999997,1.5861875,1.461625,1.122063,4.286938,0.9533119999999999,3.130375,2.28988
2024-03-23 17:55:53,1.81275,2.896,1.359563,2.3386869999999997,1.5861875,1.461625,1.122063,4.161938,0.9533119999999999,3.130375,2.41488
2024-03-23 17:57:02,1.68775,2.771,1.297563,2.3386869999999997,1.5241875,1.336625,1.060063,4.099938,0.891312,3.005375,2.28988
2024-03-23 17:58:11,1.62575,2.646,1.297563,2.0886869999999997,1.3991875,1.273625,0.935063,3.974938,0.8283119999999999,2.9423749999999997,2.22688
2024-03-23 17:59:20,1.56275,2.521,1.234563,2.026687,1.3361875,1.211625,0.935063,3.974938,0.766312,2.8173749999999997,2.16488
2024-03-23 18:00:29,1.50075,2.396,1.172563,2.026687,1.3361875,1.148625,0.872063,3.849938,0.766312,2.755375,2.10188
2024-03-23 18:01:38,1.50075,2.5829999999999997,1.172563,1.838687,1.2741875,1.148625,0.872063,3.724938,0.766312,2.8173749999999997,2.16488
2024-03-23 18:02:47,1.50075,2.5829999999999997,1.234563,1.713687,1.2741875,1.086625,0.872063,3.724938,0.7033119999999999,2.8173749999999997,2.10188
2024-03-23 18:03:56,1.37575,2.4579999999999997,1.234563,1.713687,99999.0241875,1.086625,0.872063,3.724938,0.641312,2.755375,2.03988
2024-03-23 18:05:05,1.31275,2.521,1.109563,1.713687,1.2111875,1.023625,0.872063,3.724938,0.641312,2.6923749999999997,2.03988
2024-03-23 18:06:14,1.31275,2.521,1.172563,1.651687,1.2111875,0.961625,0.747063,3.661938,0.641312,2.6923749999999997,2.03988
2024-03-23 18:07:23,1.25075,2.521,1.109563,1.651687,1.2111875,0.961625,0.685063,3.661938,0.641312,2.6923749999999997,1.9768799999999997
2024-03-23 18:08:32,1.25075,2.5829999999999997,1.109563,1.651687,1.1491875,0.898625,0.685063,3.661938,0.5783119999999999,2.6923749999999997,1.9768799999999997
